id,text,date_to_post
1,Quick coffee break before diving back into work.,2025-08-16
2,Learning something new every day keeps things exciting.,2025-08-17
3,"Rise and shine! New day, new opportunities.",2025-08-18
4,Taking a walk outside to re-energize this afternoon.,2025-08-19
5,Learning something new every day keeps things exciting.,2025-08-20
6,Planning new goals for tomorrow.,2025-08-21
7,Spent my evening reading a fascinating book.,2025-08-22
8,Lunch break - enjoying some homemade food!,2025-08-23
9,Good morning world! Ready for whatever comes my way.,2025-08-24
10,Good morning world! Ready for whatever comes my way.,2025-08-25
11,Excited to work on new AI projects today!,2025-08-26
12,Reflecting on today’s achievements and lessons.,2025-08-27
13,Taking a walk outside to re-energize this afternoon.,2025-08-28
14,Planning new goals for tomorrow.,2025-08-29
15,Spent my evening reading a fascinating book.,2025-08-30
16,Good morning world! Ready for whatever comes my way.,2025-08-31
17,Starting my day with gratitude!,2025-09-01
18,Wrapping up the day feeling accomplished.,2025-09-02
19,A productive afternoon!,2025-09-03
20,A productive afternoon!,2025-09-04
21,Lunch break - enjoying some homemade food!,2025-09-05
22,"Rise and shine! New day, new opportunities.",2025-09-06
23,Good morning world! Ready for whatever comes my way.,2025-09-07
24,Good morning world! Ready for whatever comes my way.,2025-09-08
25,Lunch break - enjoying some homemade food!,2025-09-09
26,Reflecting on today’s achievements and lessons.,2025-09-10
27,Starting my day with gratitude!,2025-09-11
28,Excited to work on new AI projects today!,2025-09-12
29,Taking a walk outside to re-energize this afternoon.,2025-09-13
30,Taking a walk outside to re-energize this afternoon.,2025-09-14
31,Starting my day with gratitude!,2025-09-15
32,Good morning world! Ready for whatever comes my way.,2025-09-16
33,Quick coffee break before diving back into work.,2025-09-17
34,Quick coffee break before diving back into work.,2025-09-18
35,Dinner time with family is the highlight of my day.,2025-09-19
36,Planning new goals for tomorrow.,2025-09-20
37,Taking a walk outside to re-energize this afternoon.,2025-09-21
38,Planning new goals for tomorrow.,2025-09-22
39,Excited to work on new AI projects today!,2025-09-23
40,Reflecting on today’s achievements and lessons.,2025-09-24
41,Excited to work on new AI projects today!,2025-09-25
42,Wrapping up the day feeling accomplished.,2025-09-26
43,Good morning world! Ready for whatever comes my way.,2025-09-27
44,Taking a walk outside to re-energize this afternoon.,2025-09-28
45,Taking a walk outside to re-energize this afternoon.,2025-09-29
46,A productive afternoon!,2025-09-30
47,Quick coffee break before diving back into work.,2025-10-01
48,A productive afternoon!,2025-10-02
49,Lunch break - enjoying some homemade food!,2025-10-03
50,Learning something new every day keeps things exciting.,2025-10-04
51,Lunch break - enjoying some homemade food!,2025-10-05
52,Starting my day with gratitude!,2025-10-06
53,Wrapping up the day feeling accomplished.,2025-10-07
54,Quick coffee break before diving back into work.,2025-10-08
55,Dinner time with family is the highlight of my day.,2025-10-09
56,Quick coffee break before diving back into work.,2025-10-10
57,A productive afternoon!,2025-10-11
58,Had a refreshing cup of chai to kickstart the morning.,2025-10-12
59,Planning new goals for tomorrow.,2025-10-13
60,Taking a walk outside to re-energize this afternoon.,2025-10-14
61,Reflecting on today’s achievements and lessons.,2025-10-15
62,Had a refreshing cup of chai to kickstart the morning.,2025-10-16
63,Spent my evening reading a fascinating book.,2025-10-17
64,Good morning world! Ready for whatever comes my way.,2025-10-18
65,"Rise and shine! New day, new opportunities.",2025-10-19
66,Quick coffee break before diving back into work.,2025-10-20
67,Taking a walk outside to re-energize this afternoon.,2025-10-21
68,Learning something new every day keeps things exciting.,2025-10-22
69,Dinner time with family is the highlight of my day.,2025-10-23
70,Wrapping up the day feeling accomplished.,2025-10-24
71,Taking a walk outside to re-energize this afternoon.,2025-10-25
72,Dinner time with family is the highlight of my day.,2025-10-26
73,Spent my evening reading a fascinating book.,2025-10-27
74,Lunch break - enjoying some homemade food!,2025-10-28
75,Reflecting on today’s achievements and lessons.,2025-10-29
76,Starting my day with gratitude!,2025-10-30
77,Excited to work on new AI projects today!,2025-10-31
78,Reflecting on today’s achievements and lessons.,2025-11-01
79,Quick coffee break before diving back into work.,2025-11-02
80,Excited to work on new AI projects today!,2025-11-03
81,Spent my evening reading a fascinating book.,2025-11-04
82,"Rise and shine! New day, new opportunities.",2025-11-05
83,Had a refreshing cup of chai to kickstart the morning.,2025-11-06
84,Planning new goals for tomorrow.,2025-11-07
85,Dinner time with family is the highlight of my day.,2025-11-08
86,Starting my day with gratitude!,2025-11-09
87,Good morning world! Ready for whatever comes my way.,2025-11-10
88,Reflecting on today’s achievements and lessons.,2025-11-11
89,Dinner time with family is the highlight of my day.,2025-11-12
90,Reflecting on today’s achievements and lessons.,2025-11-13
91,Lunch break - enjoying some homemade food!,2025-11-14
92,Had a refreshing cup of chai to kickstart the morning.,2025-11-15
93,Lunch break - enjoying some homemade food!,2025-11-16
94,Planning new goals for tomorrow.,2025-11-17
95,Quick coffee break before diving back into work.,2025-11-18
96,A productive afternoon!,2025-11-19
97,"Rise and shine! New day, new opportunities.",2025-11-20
98,Starting my day with gratitude!,2025-11-21
99,Dinner time with family is the highlight of my day.,2025-11-22
100,Dinner time with family is the highlight of my day.,2025-11-23
101,Wrapping up the day feeling accomplished.,2025-11-24
102,Wrapping up the day feeling accomplished.,2025-11-25
103,Planning new goals for tomorrow.,2025-11-26
104,Had a refreshing cup of chai to kickstart the morning.,2025-11-27
105,Learning something new every day keeps things exciting.,2025-11-28
106,Excited to work on new AI projects today!,2025-11-29
107,A productive afternoon!,2025-11-30
108,Taking a walk outside to re-energize this afternoon.,2025-12-01
109,Excited to work on new AI projects today!,2025-12-02
110,Learning something new every day keeps things exciting.,2025-12-03
111,Taking a walk outside to re-energize this afternoon.,2025-12-04
112,A productive afternoon!,2025-12-05
113,Quick coffee break before diving back into work.,2025-12-06
114,Had a refreshing cup of chai to kickstart the morning.,2025-12-07
115,A productive afternoon!,2025-12-08
116,Quick coffee break before diving back into work.,2025-12-09
117,Had a refreshing cup of chai to kickstart the morning.,2025-12-10
118,Reflecting on today’s achievements and lessons.,2025-12-11
119,Planning new goals for tomorrow.,2025-12-12
120,Excited to work on new AI projects today!,2025-12-13
121,Starting my day with gratitude!,2025-12-14
122,Excited to work on new AI projects today!,2025-12-15
123,Lunch break - enjoying some homemade food!,2025-12-16
124,Excited to work on new AI projects today!,2025-12-17
125,A productive afternoon!,2025-12-18
126,Learning something new every day keeps things exciting.,2025-12-19
127,Planning new goals for tomorrow.,2025-12-20
128,A productive afternoon!,2025-12-21
129,Learning something new every day keeps things exciting.,2025-12-22
130,Learning something new every day keeps things exciting.,2025-12-23
131,Dinner time with family is the highlight of my day.,2025-12-24
132,Had a refreshing cup of chai to kickstart the morning.,2025-12-25
133,Had a refreshing cup of chai to kickstart the morning.,2025-12-26
134,"Rise and shine! New day, new opportunities.",2025-12-27
135,Dinner time with family is the highlight of my day.,2025-12-28
136,Good morning world! Ready for whatever comes my way.,2025-12-29
137,Reflecting on today’s achievements and lessons.,2025-12-30
138,Taking a walk outside to re-energize this afternoon.,2025-12-31
139,Excited to work on new AI projects today!,2026-01-01
140,Planning new goals for tomorrow.,2026-01-02
141,Quick coffee break before diving back into work.,2026-01-03
142,Excited to work on new AI projects today!,2026-01-04
143,"Rise and shine! New day, new opportunities.",2026-01-05
144,Learning something new every day keeps things exciting.,2026-01-06
145,Had a refreshing cup of chai to kickstart the morning.,2026-01-07
146,"Rise and shine! New day, new opportunities.",2026-01-08
147,Good morning world! Ready for whatever comes my way.,2026-01-09
148,"Rise and shine! New day, new opportunities.",2026-01-10
149,Planning new goals for tomorrow.,2026-01-11
150,Quick coffee break before diving back into work.,2026-01-12
151,Learning something new every day keeps things exciting.,2026-01-13
152,Taking a walk outside to re-energize this afternoon.,2026-01-14
153,A productive afternoon!,2026-01-15
154,Quick coffee break before diving back into work.,2026-01-16
155,Lunch break - enjoying some homemade food!,2026-01-17
156,Had a refreshing cup of chai to kickstart the morning.,2026-01-18
157,Reflecting on today’s achievements and lessons.,2026-01-19
158,Lunch break - enjoying some homemade food!,2026-01-20
159,Quick coffee break before diving back into work.,2026-01-21
160,Starting my day with gratitude!,2026-01-22
161,"Rise and shine! New day, new opportunities.",2026-01-23
162,"Rise and shine! New day, new opportunities.",2026-01-24
163,Starting my day with gratitude!,2026-01-25
164,Lunch break - enjoying some homemade food!,2026-01-26
165,"Rise and shine! New day, new opportunities.",2026-01-27
166,Taking a walk outside to re-energize this afternoon.,2026-01-28
167,Taking a walk outside to re-energize this afternoon.,2026-01-29
168,Reflecting on today’s achievements and lessons.,2026-01-30
169,Had a refreshing cup of chai to kickstart the morning.,2026-01-31
170,Excited to work on new AI projects today!,2026-02-01
171,Dinner time with family is the highlight of my day.,2026-02-02
172,Starting my day with gratitude!,2026-02-03
173,Dinner time with family is the highlight of my day.,2026-02-04
174,Quick coffee break before diving back into work.,2026-02-05
175,Had a refreshing cup of chai to kickstart the morning.,2026-02-06
176,Excited to work on new AI projects today!,2026-02-07
177,Quick coffee break before diving back into work.,2026-02-08
178,Reflecting on today’s achievements and lessons.,2026-02-09
179,Wrapping up the day feeling accomplished.,2026-02-10
180,Excited to work on new AI projects today!,2026-02-11
181,Quick coffee break before diving back into work.,2026-02-12
182,Lunch break - enjoying some homemade food!,2026-02-13
183,"Rise and shine! New day, new opportunities.",2026-02-14
184,Dinner time with family is the highlight of my day.,2026-02-15
185,Reflecting on today’s achievements and lessons.,2026-02-16
186,Wrapping up the day feeling accomplished.,2026-02-17
187,Dinner time with family is the highlight of my day.,2026-02-18
188,Good morning world! Ready for whatever comes my way.,2026-02-19
189,Starting my day with gratitude!,2026-02-20
190,Dinner time with family is the highlight of my day.,2026-02-21
191,Good morning world! Ready for whatever comes my way.,2026-02-22
192,Planning new goals for tomorrow.,2026-02-23
193,Reflecting on today’s achievements and lessons.,2026-02-24
194,Planning new goals for tomorrow.,2026-02-25
195,Taking a walk outside to re-energize this afternoon.,2026-02-26
196,Wrapping up the day feeling accomplished.,2026-02-27
197,Planning new goals for tomorrow.,2026-02-28
198,Planning new goals for tomorrow.,2026-03-01
199,Good morning world! Ready for whatever comes my way.,2026-03-02
200,Dinner time with family is the highlight of my day.,2026-03-03
201,Planning new goals for tomorrow.,2026-03-04
202,A productive afternoon!,2026-03-05
203,Taking a walk outside to re-energize this afternoon.,2026-03-06
204,Good morning world! Ready for whatever comes my way.,2026-03-07
205,A productive afternoon!,2026-03-08
206,Learning something new every day keeps things exciting.,2026-03-09
207,"Rise and shine! New day, new opportunities.",2026-03-10
208,Dinner time with family is the highlight of my day.,2026-03-11
209,Excited to work on new AI projects today!,2026-03-12
210,Learning something new every day keeps things exciting.,2026-03-13
211,Planning new goals for tomorrow.,2026-03-14
212,Dinner time with family is the highlight of my day.,2026-03-15
213,Planning new goals for tomorrow.,2026-03-16
214,Dinner time with family is the highlight of my day.,2026-03-17
215,Learning something new every day keeps things exciting.,2026-03-18
216,Quick coffee break before diving back into work.,2026-03-19
217,Quick coffee break before diving back into work.,2026-03-20
218,A productive afternoon!,2026-03-21
219,"Rise and shine! New day, new opportunities.",2026-03-22
220,Starting my day with gratitude!,2026-03-23
221,Wrapping up the day feeling accomplished.,2026-03-24
222,Wrapping up the day feeling accomplished.,2026-03-25
223,"Rise and shine! New day, new opportunities.",2026-03-26
224,Taking a walk outside to re-energize this afternoon.,2026-03-27
225,Learning something new every day keeps things exciting.,2026-03-28
226,Had a refreshing cup of chai to kickstart the morning.,2026-03-29
227,Spent my evening reading a fascinating book.,2026-03-30
228,Wrapping up the day feeling accomplished.,2026-03-31
229,Good morning world! Ready for whatever comes my way.,2026-04-01
230,Quick coffee break before diving back into work.,2026-04-02
231,Wrapping up the day feeling accomplished.,2026-04-03
232,Taking a walk outside to re-energize this afternoon.,2026-04-04
233,Wrapping up the day feeling accomplished.,2026-04-05
234,Planning new goals for tomorrow.,2026-04-06
235,Spent my evening reading a fascinating book.,2026-04-07
236,Quick coffee break before diving back into work.,2026-04-08
237,"Rise and shine! New day, new opportunities.",2026-04-09
238,A productive afternoon!,2026-04-10
239,Excited to work on new AI projects today!,2026-04-11
240,Spent my evening reading a fascinating book.,2026-04-12
241,Excited to work on new AI projects today!,2026-04-13
242,Taking a walk outside to re-energize this afternoon.,2026-04-14
243,Excited to work on new AI projects today!,2026-04-15
244,Reflecting on today’s achievements and lessons.,2026-04-16
245,Starting my day with gratitude!,2026-04-17
246,A productive afternoon!,2026-04-18
247,Planning new goals for tomorrow.,2026-04-19
248,Excited to work on new AI projects today!,2026-04-20
249,Learning something new every day keeps things exciting.,2026-04-21
250,Starting my day with gratitude!,2026-04-22
251,Excited to work on new AI projects today!,2026-04-23
252,Reflecting on today’s achievements and lessons.,2026-04-24
253,Good morning world! Ready for whatever comes my way.,2026-04-25
254,Dinner time with family is the highlight of my day.,2026-04-26
255,Lunch break - enjoying some homemade food!,2026-04-27
256,Planning new goals for tomorrow.,2026-04-28
257,Lunch break - enjoying some homemade food!,2026-04-29
258,"Rise and shine! New day, new opportunities.",2026-04-30
259,Dinner time with family is the highlight of my day.,2026-05-01
260,A productive afternoon!,2026-05-02
261,Had a refreshing cup of chai to kickstart the morning.,2026-05-03
262,Lunch break - enjoying some homemade food!,2026-05-04
263,Dinner time with family is the highlight of my day.,2026-05-05
264,Starting my day with gratitude!,2026-05-06
265,Starting my day with gratitude!,2026-05-07
266,Wrapping up the day feeling accomplished.,2026-05-08
267,Had a refreshing cup of chai to kickstart the morning.,2026-05-09
268,A productive afternoon!,2026-05-10
269,Quick coffee break before diving back into work.,2026-05-11
270,"Rise and shine! New day, new opportunities.",2026-05-12
271,Lunch break - enjoying some homemade food!,2026-05-13
272,Excited to work on new AI projects today!,2026-05-14
273,Dinner time with family is the highlight of my day.,2026-05-15
274,Reflecting on today’s achievements and lessons.,2026-05-16
275,Wrapping up the day feeling accomplished.,2026-05-17
276,Taking a walk outside to re-energize this afternoon.,2026-05-18
277,Wrapping up the day feeling accomplished.,2026-05-19
278,Dinner time with family is the highlight of my day.,2026-05-20
279,Planning new goals for tomorrow.,2026-05-21
280,Wrapping up the day feeling accomplished.,2026-05-22
281,Quick coffee break before diving back into work.,2026-05-23
282,Planning new goals for tomorrow.,2026-05-24
283,Dinner time with family is the highlight of my day.,2026-05-25
284,Had a refreshing cup of chai to kickstart the morning.,2026-05-26
285,Learning something new every day keeps things exciting.,2026-05-27
286,Starting my day with gratitude!,2026-05-28
287,Good morning world! Ready for whatever comes my way.,2026-05-29
288,Excited to work on new AI projects today!,2026-05-30
289,Wrapping up the day feeling accomplished.,2026-05-31
290,Learning something new every day keeps things exciting.,2026-06-01
291,Spent my evening reading a fascinating book.,2026-06-02
292,Had a refreshing cup of chai to kickstart the morning.,2026-06-03
293,Reflecting on today’s achievements and lessons.,2026-06-04
294,Spent my evening reading a fascinating book.,2026-06-05
295,Taking a walk outside to re-energize this afternoon.,2026-06-06
296,Planning new goals for tomorrow.,2026-06-07
297,Spent my evening reading a fascinating book.,2026-06-08
298,Planning new goals for tomorrow.,2026-06-09
299,Had a refreshing cup of chai to kickstart the morning.,2026-06-10
300,Good morning world! Ready for whatever comes my way.,2026-06-11
301,Starting my day with gratitude!,2026-06-12
302,Starting my day with gratitude!,2026-06-13
303,Quick coffee break before diving back into work.,2026-06-14
304,"Rise and shine! New day, new opportunities.",2026-06-15
305,Taking a walk outside to re-energize this afternoon.,2026-06-16
306,Wrapping up the day feeling accomplished.,2026-06-17
307,Spent my evening reading a fascinating book.,2026-06-18
308,Starting my day with gratitude!,2026-06-19
309,Dinner time with family is the highlight of my day.,2026-06-20
310,Planning new goals for tomorrow.,2026-06-21
311,Spent my evening reading a fascinating book.,2026-06-22
312,Learning something new every day keeps things exciting.,2026-06-23
313,Starting my day with gratitude!,2026-06-24
314,Had a refreshing cup of chai to kickstart the morning.,2026-06-25
315,Dinner time with family is the highlight of my day.,2026-06-26
316,Had a refreshing cup of chai to kickstart the morning.,2026-06-27
317,A productive afternoon!,2026-06-28
318,Lunch break - enjoying some homemade food!,2026-06-29
319,Quick coffee break before diving back into work.,2026-06-30
320,Planning new goals for tomorrow.,2026-07-01
321,Starting my day with gratitude!,2026-07-02
322,Taking a walk outside to re-energize this afternoon.,2026-07-03
323,Lunch break - enjoying some homemade food!,2026-07-04
324,A productive afternoon!,2026-07-05
325,Lunch break - enjoying some homemade food!,2026-07-06
326,Starting my day with gratitude!,2026-07-07
327,Learning something new every day keeps things exciting.,2026-07-08
328,Had a refreshing cup of chai to kickstart the morning.,2026-07-09
329,Wrapping up the day feeling accomplished.,2026-07-10
330,Starting my day with gratitude!,2026-07-11
331,Lunch break - enjoying some homemade food!,2026-07-12
332,Had a refreshing cup of chai to kickstart the morning.,2026-07-13
333,Excited to work on new AI projects today!,2026-07-14
334,A productive afternoon!,2026-07-15
335,Quick coffee break before diving back into work.,2026-07-16
336,Reflecting on today’s achievements and lessons.,2026-07-17
337,Starting my day with gratitude!,2026-07-18
338,Taking a walk outside to re-energize this afternoon.,2026-07-19
339,Planning new goals for tomorrow.,2026-07-20
340,Excited to work on new AI projects today!,2026-07-21
341,Good morning world! Ready for whatever comes my way.,2026-07-22
342,Had a refreshing cup of chai to kickstart the morning.,2026-07-23
343,Quick coffee break before diving back into work.,2026-07-24
344,Spent my evening reading a fascinating book.,2026-07-25
345,Had a refreshing cup of chai to kickstart the morning.,2026-07-26
346,Excited to work on new AI projects today!,2026-07-27
347,Dinner time with family is the highlight of my day.,2026-07-28
348,Excited to work on new AI projects today!,2026-07-29
349,Reflecting on today’s achievements and lessons.,2026-07-30
350,Planning new goals for tomorrow.,2026-07-31
351,Learning something new every day keeps things exciting.,2026-08-01
352,Good morning world! Ready for whatever comes my way.,2026-08-02
353,Had a refreshing cup of chai to kickstart the morning.,2026-08-03
354,Wrapping up the day feeling accomplished.,2026-08-04
355,Spent my evening reading a fascinating book.,2026-08-05
356,Lunch break - enjoying some homemade food!,2026-08-06
357,Planning new goals for tomorrow.,2026-08-07
358,Good morning world! Ready for whatever comes my way.,2026-08-08
359,Planning new goals for tomorrow.,2026-08-09
360,Reflecting on today’s achievements and lessons.,2026-08-10
361,Planning new goals for tomorrow.,2026-08-11
362,Spent my evening reading a fascinating book.,2026-08-12
363,Taking a walk outside to re-energize this afternoon.,2026-08-13
364,"Rise and shine! New day, new opportunities.",2026-08-14
365,Planning new goals for tomorrow.,2026-08-15
366,Wrapping up the day feeling accomplished.,2026-08-16
367,Lunch break - enjoying some homemade food!,2026-08-17
368,Wrapping up the day feeling accomplished.,2026-08-18
369,Reflecting on today’s achievements and lessons.,2026-08-19
370,Lunch break - enjoying some homemade food!,2026-08-20
371,"Rise and shine! New day, new opportunities.",2026-08-21
372,Reflecting on today’s achievements and lessons.,2026-08-22
373,A productive afternoon!,2026-08-23
374,Learning something new every day keeps things exciting.,2026-08-24
375,Taking a walk outside to re-energize this afternoon.,2026-08-25
376,Excited to work on new AI projects today!,2026-08-26
377,Taking a walk outside to re-energize this afternoon.,2026-08-27
378,Planning new goals for tomorrow.,2026-08-28
379,Spent my evening reading a fascinating book.,2026-08-29
380,Good morning world! Ready for whatever comes my way.,2026-08-30
381,A productive afternoon!,2026-08-31
382,Lunch break - enjoying some homemade food!,2026-09-01
383,Taking a walk outside to re-energize this afternoon.,2026-09-02
384,Reflecting on today’s achievements and lessons.,2026-09-03
385,A productive afternoon!,2026-09-04
386,A productive afternoon!,2026-09-05
387,Learning something new every day keeps things exciting.,2026-09-06
388,Excited to work on new AI projects today!,2026-09-07
389,Reflecting on today’s achievements and lessons.,2026-09-08
390,Good morning world! Ready for whatever comes my way.,2026-09-09
391,Learning something new every day keeps things exciting.,2026-09-10
392,Spent my evening reading a fascinating book.,2026-09-11
393,Taking a walk outside to re-energize this afternoon.,2026-09-12
394,A productive afternoon!,2026-09-13
395,Reflecting on today’s achievements and lessons.,2026-09-14
396,Wrapping up the day feeling accomplished.,2026-09-15
397,Planning new goals for tomorrow.,2026-09-16
398,Taking a walk outside to re-energize this afternoon.,2026-09-17
399,A productive afternoon!,2026-09-18
400,Wrapping up the day feeling accomplished.,2026-09-19
401,Taking a walk outside to re-energize this afternoon.,2026-09-20
402,A productive afternoon!,2026-09-21
403,Had a refreshing cup of chai to kickstart the morning.,2026-09-22
404,Starting my day with gratitude!,2026-09-23
405,Quick coffee break before diving back into work.,2026-09-24
406,Reflecting on today’s achievements and lessons.,2026-09-25
407,Quick coffee break before diving back into work.,2026-09-26
408,Reflecting on today’s achievements and lessons.,2026-09-27
409,Planning new goals for tomorrow.,2026-09-28
410,A productive afternoon!,2026-09-29
411,Good morning world! Ready for whatever comes my way.,2026-09-30
412,Had a refreshing cup of chai to kickstart the morning.,2026-10-01
413,A productive afternoon!,2026-10-02
414,A productive afternoon!,2026-10-03
415,Spent my evening reading a fascinating book.,2026-10-04
416,A productive afternoon!,2026-10-05
417,Had a refreshing cup of chai to kickstart the morning.,2026-10-06
418,"Rise and shine! New day, new opportunities.",2026-10-07
419,A productive afternoon!,2026-10-08
420,Learning something new every day keeps things exciting.,2026-10-09
421,Had a refreshing cup of chai to kickstart the morning.,2026-10-10
422,Wrapping up the day feeling accomplished.,2026-10-11
423,Learning something new every day keeps things exciting.,2026-10-12
424,Reflecting on today’s achievements and lessons.,2026-10-13
425,"Rise and shine! New day, new opportunities.",2026-10-14
426,Dinner time with family is the highlight of my day.,2026-10-15
427,Lunch break - enjoying some homemade food!,2026-10-16
428,Quick coffee break before diving back into work.,2026-10-17
429,A productive afternoon!,2026-10-18
430,Taking a walk outside to re-energize this afternoon.,2026-10-19
431,"Rise and shine! New day, new opportunities.",2026-10-20
432,Learning something new every day keeps things exciting.,2026-10-21
433,Starting my day with gratitude!,2026-10-22
434,A productive afternoon!,2026-10-23
435,Taking a walk outside to re-energize this afternoon.,2026-10-24
436,Taking a walk outside to re-energize this afternoon.,2026-10-25
437,Had a refreshing cup of chai to kickstart the morning.,2026-10-26
438,Reflecting on today’s achievements and lessons.,2026-10-27
439,Good morning world! Ready for whatever comes my way.,2026-10-28
440,Reflecting on today’s achievements and lessons.,2026-10-29
441,Lunch break - enjoying some homemade food!,2026-10-30
442,Quick coffee break before diving back into work.,2026-10-31
443,Spent my evening reading a fascinating book.,2026-11-01
444,Quick coffee break before diving back into work.,2026-11-02
445,Lunch break - enjoying some homemade food!,2026-11-03
446,Lunch break - enjoying some homemade food!,2026-11-04
447,Lunch break - enjoying some homemade food!,2026-11-05
448,Wrapping up the day feeling accomplished.,2026-11-06
449,Reflecting on today’s achievements and lessons.,2026-11-07
450,Reflecting on today’s achievements and lessons.,2026-11-08
451,Starting my day with gratitude!,2026-11-09
452,Quick coffee break before diving back into work.,2026-11-10
453,Learning something new every day keeps things exciting.,2026-11-11
454,"Rise and shine! New day, new opportunities.",2026-11-12
455,Reflecting on today’s achievements and lessons.,2026-11-13
456,Excited to work on new AI projects today!,2026-11-14
457,Spent my evening reading a fascinating book.,2026-11-15
458,Quick coffee break before diving back into work.,2026-11-16
459,Learning something new every day keeps things exciting.,2026-11-17
460,Quick coffee break before diving back into work.,2026-11-18
461,Lunch break - enjoying some homemade food!,2026-11-19
462,Spent my evening reading a fascinating book.,2026-11-20
463,Dinner time with family is the highlight of my day.,2026-11-21
464,Dinner time with family is the highlight of my day.,2026-11-22
465,Starting my day with gratitude!,2026-11-23
466,Good morning world! Ready for whatever comes my way.,2026-11-24
467,Good morning world! Ready for whatever comes my way.,2026-11-25
468,"Rise and shine! New day, new opportunities.",2026-11-26
469,Reflecting on today’s achievements and lessons.,2026-11-27
470,A productive afternoon!,2026-11-28
471,Dinner time with family is the highlight of my day.,2026-11-29
472,Learning something new every day keeps things exciting.,2026-11-30
473,Lunch break - enjoying some homemade food!,2026-12-01
474,Learning something new every day keeps things exciting.,2026-12-02
475,Dinner time with family is the highlight of my day.,2026-12-03
476,Taking a walk outside to re-energize this afternoon.,2026-12-04
477,Excited to work on new AI projects today!,2026-12-05
478,Taking a walk outside to re-energize this afternoon.,2026-12-06
479,Quick coffee break before diving back into work.,2026-12-07
480,Had a refreshing cup of chai to kickstart the morning.,2026-12-08
481,Reflecting on today’s achievements and lessons.,2026-12-09
482,Learning something new every day keeps things exciting.,2026-12-10
483,Quick coffee break before diving back into work.,2026-12-11
484,Dinner time with family is the highlight of my day.,2026-12-12
485,Dinner time with family is the highlight of my day.,2026-12-13
486,Dinner time with family is the highlight of my day.,2026-12-14
487,Dinner time with family is the highlight of my day.,2026-12-15
488,Reflecting on today’s achievements and lessons.,2026-12-16
489,Good morning world! Ready for whatever comes my way.,2026-12-17
490,A productive afternoon!,2026-12-18
491,Planning new goals for tomorrow.,2026-12-19
492,Starting my day with gratitude!,2026-12-20
493,Reflecting on today’s achievements and lessons.,2026-12-21
494,A productive afternoon!,2026-12-22
495,Planning new goals for tomorrow.,2026-12-23
496,Wrapping up the day feeling accomplished.,2026-12-24
497,Had a refreshing cup of chai to kickstart the morning.,2026-12-25
498,"Rise and shine! New day, new opportunities.",2026-12-26
499,A productive afternoon!,2026-12-27
500,"Rise and shine! New day, new opportunities.",2026-12-28
